[
   {
      "icao": "EDDH",
      "sids": {
         "VCT": [
            {
               "direction": "ANY"
            }
         ],
         "AMLUH": [
            {
               "direction": "ODD",
               "min_fl": 0,
               "max_fl": 0,
               "forbidden_fls": [],
               "destinations": [
                  "ED"
               ],
               "airways": [],
               "engine": []
            },
            {
               "direction": "ODD"
            }
         ],
         "BASUM": [
            {
               "direction": "EVEN",
			   "max_fl": 240,
			   "destinations": [
                  "EDDL",
                  "EDDK",
                  "EDLW",
                  "EDLV",
                  "EDLN",
                  "EDDG"
               ]
            }
         ],
         "ELSOB": [
		             {
               "direction": "EVEN",
			   "max_fl": 240,
			   "destinations": [
                  "EDDL",
                  "EDDK",
                  "EDLW",
                  "EDLV",
                  "EDLN",
                  "EDDG"
               ]
            },
            {
               "direction": "EVEN",
               "airways": [
                  "L619",
                  "P992",
                  "N125",
				  "M170"
               ]
            },
            {
               "direction": "ODD"
            }
         ],
         "EKERN": [
            {
               "direction": "ODD"
            }
         ],
         "HAM": [
            {
               "direction": "ANY"
            }
         ],
         "IDEKO": [
            {
               "direction": "EVEN",
               "destinations": [
                  "EDDK",
                  "EDDL",
                  "EDDG",
                  "EDLW",
                  "EDLN",
                  "EDLP",
                  "EDGS",
                  "EDLV"
               ]
            },
            {
               "direction": "ODD",
               "max_fl": 230,
               "destinations": [
                  "EDDF",
                  "EDFH"
               ]
            },
            {
               "direction": "EVEN",
               "max_fl": 100,
               "destinations": [
                  "EDDV"
               ]
            },
            {
               "direction": "ODD"
            }
         ],
         "LBV": [
            {
               "direction": "EVEN",
               "airways": [
                  "L619",
                  "P992"
               ]
            },
            {
               "direction": "ODD"
            }
         ],
         "LUB": [
            {
               "direction": "ODD"
            }
         ],
         "LUGEG": [
            {
               "direction": "ODD"
            }
         ],
         "RAMAR": [
            {
               "direction": "ODD"
            }
         ],
         "WSN": [
		 	{
               "direction": "EVEN",
			   "max_fl": 240,
			   "destinations": [
                  "EDDL",
                  "EDDK",
                  "EDLW",
                  "EDLV",
                  "EDLN",
                  "EDDG"
               ]
            },
            {
               "direction": "EVEN",
               "max_fl": 100,
               "destinations": [
                  "EDDW"
               ]
            },
            {
               "direction": "EVEN"
            }
         ]
      }
   },
   {
      "icao": "EDDW",
      "sids": {
         "VCT": [
            {
               "direction": "ANY"
            }
         ],
         "BASUM": [
		 	{
               "direction": "EVEN",
			   "max_fl": 240,
			   "destinations": [
                  "EDDL",
                  "EDDK",
                  "EDLW",
                  "EDLV",
                  "EDLN",
                  "EDDG"
               ]
            },
            {
               "direction": "EVEN"
            }
         ],
         "EEL": [
            {
               "direction": "EVEN"
            }
         ],
         "ERLAD": [
            {
               "direction": "EVEN",
               "destinations": [
                  "EDDK",
                  "EDDL",
                  "EDDG",
                  "EDLW",
                  "EDLN",
                  "EDLP",
                  "EDGS",
                  "EDLV"
               ]
            },
            {
               "direction": "ODD"
            }
         ],
         "GESTO": [
            {
               "direction": "ODD"
            }
         ],
         "NIE": [
            {
               "direction": "ODD",
               "max_fl": 90,
               "destinations": [
                  "EDDV",
                  "EDVE"
               ]
            },
            {
               "direction": "ODD"
            }
         ],
         "WSN": [
            {
               "direction": "ODD",
               "max_fl": 90,
               "destinations": [
                  "EDDH"
               ]
            },
            {
               "direction": "ODD"
            }
         ]
      }
   },
   {
      "icao": "EDDV",
      "sids": {
         "VCT": [
            {
               "direction": "ANY"
            }
         ],
         "CEL": [
            {
               "direction": "ODD"
            }
         ],
         "MULDO": [
            {
               "direction": "ODD"
            }
         ],
         "NIE": [
            {
               "direction": "EVEN"
            }
         ],
         "POVEL": [
            {
               "direction": "ODD"
            }
         ],
         "TOLTA": [
            {
               "direction": "ODD"
            }
         ],
         "VAXEV": [
            {
               "direction": "EVEN"
            }
         ],
         "WERRA": [
            {
               "direction": "ODD"
            }
         ],
         "WRB": [
            {
               "direction": "EVEN",
               "airways": [
                  "T858",
                  "P12"
               ]
            },
            {
               "direction": "ODD"
            }
         ]
      }
   },
   {
      "icao": "EDDB",
      "sids": {
         "VCT": [
            {
                "direction": "ANY"
            }
         ],
         "ARSAP": [
            {
                "suffix": "1A",
                "engine": "J",
                "direction": "ANY"
            },
            {
                "suffix": "1B",
                "engine": "J",
                "direction": "ANY"
            },
            {
                "suffix": "1D",
                "engine": "T",
                "direction": "ANY"
            },
            {
                "suffix": "1M",
                "engine": "J",
                "direction": "ANY"
            },
            {
                "suffix": "1N",
                "engine": "J",
                "direction": "ANY"
            },
            {
                "suffix": "1Q",
                "direction": "ANY"
            },
            {
                "suffix": "1Z",
                "direction": "ANY"
            }
         ],
         "GERGA": [
            {
                "suffix": "1A",
                "engine": "J",
                "direction": "ANY"
            },
            {
                "suffix": "1B",
                "engine": "J",
                "direction": "ANY"
            },
            {
                "suffix": "1D",
                "engine": "T",
                "direction": "ANY"
            },
            {
                "suffix": "1M",
                "engine": "J",
                "direction": "ANY"
            },
            {
                "suffix": "1N",
                "engine": "J",
                "direction": "ANY"
            },
            {
                "suffix": "1Q",
                "direction": "ANY"
            },
            {
                "suffix": "1Z",
                "direction": "ANY"
            }
         ],
         "LUROS": [
            {
                "suffix": "1A",
                "engine": "J",
                "direction": "ANY"
            },
            {
                "suffix": "1B",
                "engine": "J",
                "direction": "ANY"
            },
            {
                "suffix": "1D",
                "engine": "T",
                "direction": "ANY"
            },
            {
                "suffix": "1M",
                "engine": "J",
                "direction": "ANY"
            },
            {
                "suffix": "1N",
                "engine": "J",
                "direction": "ANY"
            },
            {
                "suffix": "1Q",
                "direction": "ANY"
            },
            {
                "suffix": "1Z",
                "direction": "ANY"
            }
         ],
         "POVEL": [
            {
                "suffix": "1A",
                "engine": "J",
                "direction": "ANY"
            },
            {
                "suffix": "1B",
                "engine": "J",
                "direction": "ANY"
            },
            {
                "suffix": "1C",
                "engine": "T",
                "direction": "ANY"
            },
            {
                "suffix": "1D",
                "engine": "T",
                "direction": "ANY"
            },
            {
                "suffix": "1K",
                "engine": "J",
                "direction": "ANY"
            },
            {
                "suffix": "1J",
                "engine": "T",
                "direction": "ANY"
            },
            {
                "suffix": "1N",
                "engine": "J",
                "direction": "ANY"
            },
            {
                "suffix": "1P",
                "engine": "T",
                "direction": "ANY"
            },
            {
                "suffix": "1Q",
                "engine": "J",
                "min_fl": 120,
                "direction": "ANY"
            },
            {
                "suffix": "1R",
                "engine": "T",
                "min_fl": 120,
                "direction": "ANY"
            },
            {
                "suffix": "1Y",
                "engine": "T",
                "direction": "ANY"
            },
            {
                "suffix": "1Z",
                "engine": "J",
                "direction": "ANY"
            }
         ],
         "HLZ": [
            {
                "suffix": "1A",
                "engine": "J",
                "direction": "ANY"
            },
            {
                "suffix": "1B",
                "engine": "J",
                "direction": "ANY"
            },
            {
                "suffix": "1C",
                "engine": "T",
                "direction": "ANY"
            },
            {
                "suffix": "1D",
                "engine": "T",
                "direction": "ANY"
            },
            {
                "suffix": "1K",
                "engine": "J",
                "direction": "ANY"
            },
            {
                "suffix": "1J",
                "engine": "T",
                "direction": "ANY"
            },
            {
                "suffix": "1N",
                "engine": "J",
                "direction": "ANY"
            },
            {
                "suffix": "1P",
                "engine": "T",
                "direction": "ANY"
            },
            {
                "suffix": "1Q",
                "engine": "J",
                "min_fl": 120,
                "direction": "ANY"
            },
            {
                "suffix": "1R",
                "engine": "T",
                "min_fl": 120,
                "direction": "ANY"
            },
            {
                "suffix": "1Y",
                "engine": "T",
                "direction": "ANY"
            },
            {
                "suffix": "1Z",
                "engine": "J",
                "direction": "ANY"
            }
         ],
         "MAXAN": [
            {
                "suffix": "1A",
                "engine": "J",
                "direction": "ANY"
            },
            {
                "suffix": "1B",
                "engine": "J",
                "direction": "ANY"
            },
            {
                "suffix": "1C",
                "engine": "T",
                "direction": "ANY"
            },
            {
                "suffix": "1D",
                "engine": "T",
                "direction": "ANY"
            },
            {
                "suffix": "1K",
                "engine": "J",
                "direction": "ANY"
            },
            {
                "suffix": "1J",
                "engine": "T",
                "direction": "ANY"
            },
            {
                "suffix": "1N",
                "engine": "J",
                "direction": "ANY"
            },
            {
                "suffix": "1Q",
                "engine": "J",
                "min_fl": 120,
                "direction": "ANY"
            },
            {
                "suffix": "1R",
                "engine": "T",
                "min_fl": 120,
                "direction": "ANY"
            },
            {
                "suffix": "1Y",
                "engine": "T",
                "direction": "ANY"
            },
            {
                "suffix": "1Z",
                "engine": "J",
                "direction": "ANY"
            }
         ],
         "ODLUN": [
            {
                "suffix": "1A",
                "engine": "J",
                "direction": "ANY"
            },
            {
                "suffix": "1B",
                "engine": "J",
                "direction": "ANY"
            },
            {
                "suffix": "1C",
                "engine": "T",
                "direction": "ANY"
            },
            {
                "suffix": "1D",
                "engine": "T",
                "direction": "ANY"
            },
            {
                "suffix": "1K",
                "engine": "J",
                "direction": "ANY"
            },
            {
                "suffix": "1J",
                "engine": "T",
                "direction": "ANY"
            },
            {
                "suffix": "1N",
                "engine": "J",
                "direction": "ANY"
            },
            {
                "suffix": "1P",
                "engine": "T",
                "direction": "ANY"
            },
            {
                "suffix": "1Q",
                "engine": "J",
                "min_fl": 120,
                "direction": "ANY"
            },
            {
                "suffix": "1R",
                "engine": "T",
                "min_fl": 120,
                "direction": "ANY"
            },
            {
                "suffix": "1Y",
                "engine": "T",
                "direction": "ANY"
            },
            {
                "suffix": "1Z",
                "engine": "J",
                "direction": "ANY"
            }
         ],
         "SOGMA": [
            {
                "suffix": "1A",
                "engine": "J",
                "direction": "ANY"
            },
            {
                "suffix": "1B",
                "engine": "J",
                "direction": "ANY"
            },
            {
                "suffix": "1C",
                "engine": "T",
                "direction": "ANY"
            },
            {
                "suffix": "1D",
                "engine": "T",
                "direction": "ANY"
            },
            {
                "suffix": "1K",
                "engine": "J",
                "direction": "ANY"
            },
            {
                "suffix": "1J",
                "engine": "T",
                "direction": "ANY"
            },
            {
                "suffix": "1N",
                "engine": "J",
                "direction": "ANY"
            },
            {
                "suffix": "1P",
                "engine": "T",
                "direction": "ANY"
            },
            {
                "suffix": "1Q",
                "engine": "J",
                "min_fl": 120,
                "direction": "ANY"
            },
            {
                "suffix": "1R",
                "engine": "T",
                "min_fl": 120,
                "direction": "ANY"
            },
            {
                "suffix": "1Y",
                "engine": "T",
                "direction": "ANY"
            },
            {
                "suffix": "1Z",
                "engine": "J",
                "direction": "ANY"
            }
         ],
         "ROKMU": [
            {
                "suffix": "1P",
                "engine": "T",
                "direction": "ANY"
            }
         ]
      }
   },
   {
      "icao": "EDDP",
      "sids": {
         "VCT": [
            {
               "direction": "ANY"
            }
         ],
         "DRN": [
            {
               "direction": "ANY"
            }
         ],
         "GOLAT": [
            {
               "direction": "ANY"
            }
         ],
         "MAG": [
            {
               "direction": "ANY"
            }
         ],
         "NEVKO": [
            {
               "direction": "ANY"
            }
         ],
         "ODLUN": [
            {
               "direction": "ANY"
            }
         ],
         "ORTAG": [
            {
               "direction": "ANY"
            }
	 ],
         "RUDAK": [
            {
               "direction": "ANY"
            }
         ],
         "UMBAL": [
            {
               "direction": "ANY"
            }
         ]
      }
   },
   {
      "icao": "EDDC",
      "sids": {
         "VCT": [
            {
               "direction": "ANY"
            }
         ],
         "BEBEX": [
            {
               "direction": "ANY"
            }
         ],
         "OSKAN": [
            {
               "direction": "ANY"
            }
         ],
         "KOBUS": [
            {
               "direction": "ANY"
            }
         ],
         "HDO": [
            {
               "direction": "ANY"
            }
         ],
         "DEKOV": [
            {
               "direction": "ANY"
            }
         ],
         "LALUK": [
            {
               "direction": "ANY"
            }
	 ],
         "MAREM": [
            {
               "direction": "ANY"
            }
         ],
         "ABKIS": [
            {
               "direction": "ANY"
            }
         ]
      }
   },
   {
      "icao": "EDDE",
      "sids": {
         "VCT": [
            {
               "direction": "ANY"
            }
         ],
         "ERSIL": [
            {
               "direction": "ANY"
            }
         ],
         "LASTO": [
            {
               "direction": "ANY"
            }
         ],
         "NEVKO": [
            {
               "direction": "ANY"
            }
         ],
         "PILAM": [
            {
               "direction": "ANY"
            }
         ],
         "ERF": [
            {
               "direction": "ANY"
            }
         ]
      }
   },
   {
      "icao": "EDDF",
      "sids": {
         "VCT": [
            {
               "direction": "ANY"
            }
         ],
         "ANEKI": [
            {
               "direction": "ODD"
            }
         ],
         "CINDY": [
            {
               "direction": "ODD"
            }
         ],
         "KOMIB": [
            {
               "direction": "ODD"
            }
         ],
         "MARUN": [
            {
               "direction": "EVEN"
            }
         ],
         "OBOKA": [
            {
               "direction": "EVEN"
            }
         ],
         "SOBRA": [
            {
               "direction": "EVEN"
            }
         ],
         "SULUS": [
            {
               "direction": "ODD"
            }
         ],
         "TOBAK": [
            {
               "direction": "ODD"
            }
         ],
         "ULKIG": [
            {
               "direction": "EVEN"
            }
         ]
      }
   },
   {
      "icao": "EDDL",
      "sids": {
         "VCT": [
            {
               "direction": "ANY"
            }
         ],
         "COL": [
            {
               "direction": "ODD"
            }
         ],
         "DODEN": [
            {
               "direction": "ODD",
               "min_fl": 250
            }
         ],
         "GMH": [
            {
               "direction": "ODD",
               "max_fl": 140
            }
         ],
         "KUMIK": [
            {
               "direction": "ODD",
               "min_fl": 150
            }
         ],
         "LMA": [
            {
               "direction": "EVEN"
            }
         ],
         "MEVEL": [
            {
               "direction": "ODD"
            }
         ],
         "MODRU": [
            {
               "direction": "EVEN",
               "min_fl": 210
            }
         ],
         "NETEX": [
            {
               "direction": "EVEN",
               "min_fl": 100,
               "max_fl": 200
            }
         ],
         "NUDGO": [
            {
               "direction": "ODD",
               "max_fl": 245
            }
         ],
         "NVO": [
            {
               "direction": "EVEN",
               "max_fl": 90
            }
         ],
         "SONEB": [
            {
               "direction": "EVEN",
               "min_fl": 140
            }
         ]
      }
   },
   {
      "icao": "EDDS",
      "sids": {
         "VCT": [
            {
               "direction": "ANY"
            }
         ],
         "ABTAL": [
            {
               "direction": "ODD"
            }
         ],
         "DKB": [
            {
               "direction": "ODD"
            }
         ],
         "ETASA": [
            {
               "direction": "EVEN"
            }
         ],
         "GEBNO": [
            {
               "direction": "EVEN",
               "max_fl": 180
            }
         ],
         "KRH": [
            {
               "direction": "EVEN",
               "max_fl": 80
            }
         ],
         "KUNOD": [
            {
               "direction": "ODD"
            }
         ],
         "OKIBA": [
            {
               "direction": "EVEN",
               "min_fl": 200
            }
         ],
         "ROTWE": [
            {
               "direction": "EVEN"
            }
         ],
         "STG": [
            {
               "direction": "ODD"
            }
         ],
         "SUL": [
            {
               "direction": "ODD"
            }
         ],
         "TAGIK": [
            {
               "direction": "EVEN",
               "max_fl": 240
            }
         ],
         "TEDGO": [
            {
               "direction": "ODD"
            }
         ],
         "VESID": [
            {
               "direction": "EVEN"
            }
         ]
		}
	},
	{
	  "icao": "EDHL",
      "sids": {
         "VCT": [
            {
               "direction": "ANY"
            }
         ],
         "HAM": [
            {
               "direction": "EVEN",
               "airways": [
                  "M170",
                  "L23"
               ]
            },
            {
               "direction": "ODD"
            }
         ],
         "LUGEG": [
            {
               "direction": "ODD"
            }
         ],
         "RAMAR": [
            {
               "direction": "ODD"
            }
         ]
      }
   },
	{
      "icao": "EDXW",
      "sids": {
         "VCT": [
            {
               "direction": "ANY"
            }
         ],
         "OLDIP": [
			{
               "direction": "ODD",
               "max_fl": 230,
               "destinations": [
                  "EDDH",
                  "EDDW"
               ]
            },
			{
               "direction": "ODD",
               "destinations": [
                  "EDDV"
               ]
            },
            {
               "direction": "ANY"
			}
         ]
      }
   }
]