cycle,date
2601,2026-01-22
2602,2026-02-19
2603,2026-03-19
2604,2026-04-16
2605,2026-05-14
2606,2026-06-11
2607,2026-07-09
2608,2026-08-06
2609,2026-09-03
2610,2026-10-01
2611,2026-10-29
2612,2026-11-26
2613,2026-12-24
2701,2027-01-21
2702,2027-02-18
2703,2027-03-18
2704,2027-04-15
2705,2027-05-13
2706,2027-06-10
2707,2027-07-08
2708,2027-08-05
2709,2027-09-02
2710,2027-09-30
2711,2027-10-28
2712,2027-11-25
2713,2027-12-23
2801,2028-01-20
2802,2028-02-17
2803,2028-03-16
2804,2028-04-13
2805,2028-05-11
2806,2028-06-08
2807,2028-07-06
2808,2028-08-03
2809,2028-08-31
2810,2028-09-28
2811,2028-10-26
2812,2028-11-23
2813,2028-12-21
